,,Interval,Transfer - A,Transfer Unit - A,Bandwidth - A,Bandwidth Unit - A,Transfer - C,Transfer Unit - C,Bandwidth - C,Bandwidth Unit - C
reno/reno,0,0.0- 1.0 sec,7.00,MBytes,58.7,Mbits/sec,5.38,MBytes,45.1,Mbits/sec
reno/reno,1,1.0- 2.0 sec,6.38,MBytes,53.5,Mbits/sec,5.00,MBytes,41.9,Mbits/sec
reno/reno,2,2.0- 3.0 sec,6.38,MBytes,53.5,Mbits/sec,5.25,MBytes,44.0,Mbits/sec
reno/reno,3,3.0- 4.0 sec,6.25,MBytes,52.4,Mbits/sec,5.00,MBytes,41.9,Mbits/sec
reno/reno,4,4.0- 5.0 sec,4.88,MBytes,40.9,Mbits/sec,6.38,MBytes,53.5,Mbits/sec
reno/reno,5,5.0- 6.0 sec,6.75,MBytes,56.6,Mbits/sec,4.75,MBytes,39.8,Mbits/sec
reno/reno,6,6.0- 7.0 sec,6.88,MBytes,57.7,Mbits/sec,4.50,MBytes,37.7,Mbits/sec
reno/reno,7,7.0- 8.0 sec,6.38,MBytes,53.5,Mbits/sec,4.75,MBytes,39.8,Mbits/sec
reno/reno,8,8.0- 9.0 sec,7.62,MBytes,64.0,Mbits/sec,4.00,MBytes,33.6,Mbits/sec
reno/reno,9,9.0-10.0 sec,6.62,MBytes,55.6,Mbits/sec,4.62,MBytes,38.8,Mbits/sec
reno/reno,10,10.0-11.0 sec,6.25,MBytes,52.4,Mbits/sec,5.38,MBytes,45.1,Mbits/sec
reno/reno,11,11.0-12.0 sec,5.75,MBytes,48.2,Mbits/sec,5.62,MBytes,47.2,Mbits/sec
reno/reno,12,12.0-13.0 sec,5.50,MBytes,46.1,Mbits/sec,5.88,MBytes,49.3,Mbits/sec
reno/reno,13,13.0-14.0 sec,6.00,MBytes,50.3,Mbits/sec,5.50,MBytes,46.1,Mbits/sec
reno/reno,14,14.0-15.0 sec,6.75,MBytes,56.6,Mbits/sec,4.50,MBytes,37.7,Mbits/sec
reno/reno,15,15.0-16.0 sec,5.50,MBytes,46.1,Mbits/sec,5.88,MBytes,49.3,Mbits/sec
reno/reno,16,16.0-17.0 sec,5.25,MBytes,44.0,Mbits/sec,6.38,MBytes,53.5,Mbits/sec
reno/reno,17,17.0-18.0 sec,5.75,MBytes,48.2,Mbits/sec,5.38,MBytes,45.1,Mbits/sec
reno/reno,18,18.0-19.0 sec,5.62,MBytes,47.2,Mbits/sec,6.00,MBytes,50.3,Mbits/sec
reno/reno,19,19.0-20.0 sec,6.62,MBytes,55.6,Mbits/sec,4.75,MBytes,39.8,Mbits/sec
reno/reno,20,0.0-20.0 sec,124,MBytes,52.0,Mbits/sec,105,MBytes,43.9,Mbits/sec
reno/bbr,0,0.0- 1.0 sec,7.50,MBytes,62.9,Mbits/sec,5.75,MBytes,48.2,Mbits/sec
reno/bbr,1,1.0- 2.0 sec,8.38,MBytes,70.3,Mbits/sec,3.12,MBytes,26.2,Mbits/sec
reno/bbr,2,2.0- 3.0 sec,8.75,MBytes,73.4,Mbits/sec,2.62,MBytes,22.0,Mbits/sec
reno/bbr,3,3.0- 4.0 sec,8.75,MBytes,73.4,Mbits/sec,2.62,MBytes,22.0,Mbits/sec
reno/bbr,4,4.0- 5.0 sec,8.25,MBytes,69.2,Mbits/sec,3.00,MBytes,25.2,Mbits/sec
reno/bbr,5,5.0- 6.0 sec,8.25,MBytes,69.2,Mbits/sec,3.00,MBytes,25.2,Mbits/sec
reno/bbr,6,6.0- 7.0 sec,8.88,MBytes,74.4,Mbits/sec,2.62,MBytes,22.0,Mbits/sec
reno/bbr,7,7.0- 8.0 sec,8.38,MBytes,70.3,Mbits/sec,3.00,MBytes,25.2,Mbits/sec
reno/bbr,8,8.0- 9.0 sec,8.25,MBytes,69.2,Mbits/sec,3.12,MBytes,26.2,Mbits/sec
reno/bbr,9,9.0-10.0 sec,7.12,MBytes,59.8,Mbits/sec,4.38,MBytes,36.7,Mbits/sec
reno/bbr,10,10.0-11.0 sec,5.38,MBytes,45.1,Mbits/sec,6.00,MBytes,50.3,Mbits/sec
reno/bbr,11,11.0-12.0 sec,1.88,MBytes,15.7,Mbits/sec,9.38,MBytes,78.6,Mbits/sec
reno/bbr,12,12.0-13.0 sec,1.50,MBytes,12.6,Mbits/sec,9.88,MBytes,82.8,Mbits/sec
reno/bbr,13,13.0-14.0 sec,2.25,MBytes,18.9,Mbits/sec,9.62,MBytes,80.7,Mbits/sec
reno/bbr,14,14.0-15.0 sec,2.50,MBytes,21.0,Mbits/sec,9.12,MBytes,76.5,Mbits/sec
reno/bbr,15,15.0-16.0 sec,2.75,MBytes,23.1,Mbits/sec,8.50,MBytes,71.3,Mbits/sec
reno/bbr,16,16.0-17.0 sec,2.50,MBytes,21.0,Mbits/sec,8.50,MBytes,71.3,Mbits/sec
reno/bbr,17,17.0-18.0 sec,2.50,MBytes,21.0,Mbits/sec,9.00,MBytes,75.5,Mbits/sec
reno/bbr,18,18.0-19.0 sec,2.25,MBytes,18.9,Mbits/sec,9.12,MBytes,76.5,Mbits/sec
reno/bbr,19,19.0-20.0 sec,2.38,MBytes,19.9,Mbits/sec,8.75,MBytes,73.4,Mbits/sec
reno/bbr,20,0.0-20.0 sec,108,MBytes,45.3,Mbits/sec,121,MBytes,50.8,Mbits/sec
reno/westwood,0,0.0- 1.0 sec,5.25,MBytes,44.0,Mbits/sec,7.00,MBytes,58.7,Mbits/sec
reno/westwood,1,1.0- 2.0 sec,5.88,MBytes,49.3,Mbits/sec,5.62,MBytes,47.2,Mbits/sec
reno/westwood,2,2.0- 3.0 sec,5.62,MBytes,47.2,Mbits/sec,5.62,MBytes,47.2,Mbits/sec
reno/westwood,3,3.0- 4.0 sec,6.25,MBytes,52.4,Mbits/sec,5.12,MBytes,43.0,Mbits/sec
reno/westwood,4,4.0- 5.0 sec,4.88,MBytes,40.9,Mbits/sec,6.62,MBytes,55.6,Mbits/sec
reno/westwood,5,5.0- 6.0 sec,6.00,MBytes,50.3,Mbits/sec,5.75,MBytes,48.2,Mbits/sec
reno/westwood,6,6.0- 7.0 sec,5.88,MBytes,49.3,Mbits/sec,5.25,MBytes,44.0,Mbits/sec
reno/westwood,7,7.0- 8.0 sec,6.25,MBytes,52.4,Mbits/sec,5.12,MBytes,43.0,Mbits/sec
reno/westwood,8,8.0- 9.0 sec,7.38,MBytes,61.9,Mbits/sec,4.25,MBytes,35.7,Mbits/sec
reno/westwood,9,9.0-10.0 sec,5.00,MBytes,41.9,Mbits/sec,6.50,MBytes,54.5,Mbits/sec
reno/westwood,10,10.0-11.0 sec,7.00,MBytes,58.7,Mbits/sec,4.50,MBytes,37.7,Mbits/sec
reno/westwood,11,11.0-12.0 sec,5.00,MBytes,41.9,Mbits/sec,6.12,MBytes,51.4,Mbits/sec
reno/westwood,12,12.0-13.0 sec,5.88,MBytes,49.3,Mbits/sec,5.50,MBytes,46.1,Mbits/sec
reno/westwood,13,13.0-14.0 sec,5.75,MBytes,48.2,Mbits/sec,5.50,MBytes,46.1,Mbits/sec
reno/westwood,14,14.0-15.0 sec,4.75,MBytes,39.8,Mbits/sec,7.00,MBytes,58.7,Mbits/sec
reno/westwood,15,15.0-16.0 sec,6.12,MBytes,51.4,Mbits/sec,5.25,MBytes,44.0,Mbits/sec
reno/westwood,16,16.0-17.0 sec,6.75,MBytes,56.6,Mbits/sec,4.38,MBytes,36.7,Mbits/sec
reno/westwood,17,17.0-18.0 sec,5.25,MBytes,44.0,Mbits/sec,6.25,MBytes,52.4,Mbits/sec
reno/westwood,18,18.0-19.0 sec,5.50,MBytes,46.1,Mbits/sec,5.88,MBytes,49.3,Mbits/sec
reno/westwood,19,19.0-20.0 sec,5.50,MBytes,46.1,Mbits/sec,5.88,MBytes,49.3,Mbits/sec
reno/illinois,0,0.0- 1.0 sec,9.38,MBytes,78.6,Mbits/sec,6.00,MBytes,50.3,Mbits/sec
reno/illinois,1,1.0- 2.0 sec,4.25,MBytes,35.7,Mbits/sec,7.38,MBytes,61.9,Mbits/sec
reno/illinois,2,2.0- 3.0 sec,5.00,MBytes,41.9,Mbits/sec,5.62,MBytes,47.2,Mbits/sec
reno/illinois,3,3.0- 4.0 sec,6.50,MBytes,54.5,Mbits/sec,4.38,MBytes,36.7,Mbits/sec
reno/illinois,4,4.0- 5.0 sec,6.88,MBytes,57.7,Mbits/sec,6.00,MBytes,50.3,Mbits/sec
reno/illinois,5,5.0- 6.0 sec,4.88,MBytes,40.9,Mbits/sec,5.50,MBytes,46.1,Mbits/sec
reno/illinois,6,6.0- 7.0 sec,7.62,MBytes,64.0,Mbits/sec,3.62,MBytes,30.4,Mbits/sec
reno/illinois,7,7.0- 8.0 sec,6.12,MBytes,51.4,Mbits/sec,4.12,MBytes,34.6,Mbits/sec
reno/illinois,8,8.0- 9.0 sec,8.75,MBytes,73.4,Mbits/sec,4.25,MBytes,35.7,Mbits/sec
reno/illinois,9,9.0-10.0 sec,5.38,MBytes,45.1,Mbits/sec,5.62,MBytes,47.2,Mbits/sec
reno/illinois,10,10.0-11.0 sec,5.25,MBytes,44.0,Mbits/sec,7.12,MBytes,59.8,Mbits/sec
reno/illinois,11,11.0-12.0 sec,5.88,MBytes,49.3,Mbits/sec,4.00,MBytes,33.6,Mbits/sec
reno/illinois,12,12.0-13.0 sec,6.88,MBytes,57.7,Mbits/sec,5.75,MBytes,48.2,Mbits/sec
reno/illinois,13,13.0-14.0 sec,4.62,MBytes,38.8,Mbits/sec,6.25,MBytes,52.4,Mbits/sec
reno/illinois,14,14.0-15.0 sec,5.75,MBytes,48.2,Mbits/sec,5.88,MBytes,49.3,Mbits/sec
reno/illinois,15,15.0-16.0 sec,5.00,MBytes,41.9,Mbits/sec,6.50,MBytes,54.5,Mbits/sec
reno/illinois,16,16.0-17.0 sec,5.00,MBytes,41.9,Mbits/sec,6.50,MBytes,54.5,Mbits/sec
reno/illinois,17,17.0-18.0 sec,4.75,MBytes,39.8,Mbits/sec,6.88,MBytes,57.7,Mbits/sec
reno/illinois,18,18.0-19.0 sec,6.12,MBytes,51.4,Mbits/sec,5.12,MBytes,43.0,Mbits/sec
reno/illinois,19,19.0-20.0 sec,5.12,MBytes,43.0,Mbits/sec,7.62,MBytes,64.0,Mbits/sec
bbr/bbr,0,0.0- 1.0 sec,7.88,MBytes,66.1,Mbits/sec,5.50,MBytes,46.1,Mbits/sec
bbr/bbr,1,1.0- 2.0 sec,5.62,MBytes,47.2,Mbits/sec,5.75,MBytes,48.2,Mbits/sec
bbr/bbr,2,2.0- 3.0 sec,5.62,MBytes,47.2,Mbits/sec,5.88,MBytes,49.3,Mbits/sec
bbr/bbr,3,3.0- 4.0 sec,5.62,MBytes,47.2,Mbits/sec,5.75,MBytes,48.2,Mbits/sec
bbr/bbr,4,4.0- 5.0 sec,5.50,MBytes,46.1,Mbits/sec,6.00,MBytes,50.3,Mbits/sec
bbr/bbr,5,5.0- 6.0 sec,5.62,MBytes,47.2,Mbits/sec,6.00,MBytes,50.3,Mbits/sec
bbr/bbr,6,6.0- 7.0 sec,5.62,MBytes,47.2,Mbits/sec,5.88,MBytes,49.3,Mbits/sec
bbr/bbr,7,7.0- 8.0 sec,5.62,MBytes,47.2,Mbits/sec,5.50,MBytes,46.1,Mbits/sec
bbr/bbr,8,8.0- 9.0 sec,5.50,MBytes,46.1,Mbits/sec,5.75,MBytes,48.2,Mbits/sec
bbr/bbr,9,9.0-10.0 sec,5.62,MBytes,47.2,Mbits/sec,6.00,MBytes,50.3,Mbits/sec
bbr/bbr,10,10.0-11.0 sec,6.25,MBytes,52.4,Mbits/sec,4.38,MBytes,36.7,Mbits/sec
bbr/bbr,11,11.0-12.0 sec,5.62,MBytes,47.2,Mbits/sec,6.00,MBytes,50.3,Mbits/sec
bbr/bbr,12,12.0-13.0 sec,5.50,MBytes,46.1,Mbits/sec,5.75,MBytes,48.2,Mbits/sec
bbr/bbr,13,13.0-14.0 sec,5.62,MBytes,47.2,Mbits/sec,5.75,MBytes,48.2,Mbits/sec
bbr/bbr,14,14.0-15.0 sec,5.62,MBytes,47.2,Mbits/sec,5.62,MBytes,47.2,Mbits/sec
bbr/bbr,15,15.0-16.0 sec,5.50,MBytes,46.1,Mbits/sec,5.75,MBytes,48.2,Mbits/sec
bbr/bbr,16,16.0-17.0 sec,5.62,MBytes,47.2,Mbits/sec,5.75,MBytes,48.2,Mbits/sec
bbr/bbr,17,17.0-18.0 sec,5.62,MBytes,47.2,Mbits/sec,5.75,MBytes,48.2,Mbits/sec
bbr/bbr,18,18.0-19.0 sec,5.62,MBytes,47.2,Mbits/sec,5.88,MBytes,49.3,Mbits/sec
bbr/bbr,19,19.0-20.0 sec,5.50,MBytes,46.1,Mbits/sec,5.75,MBytes,48.2,Mbits/sec
bbr/bbr,20,0.0-20.0 sec,115,MBytes,48.1,Mbits/sec,114,MBytes,47.9,Mbits/sec
bbr/westwood,0,0.0- 1.0 sec,6.62,MBytes,55.6,Mbits/sec,7.12,MBytes,59.8,Mbits/sec
bbr/westwood,1,1.0- 2.0 sec,3.12,MBytes,26.2,Mbits/sec,8.50,MBytes,71.3,Mbits/sec
bbr/westwood,2,2.0- 3.0 sec,2.50,MBytes,21.0,Mbits/sec,8.50,MBytes,71.3,Mbits/sec
bbr/westwood,3,3.0- 4.0 sec,3.12,MBytes,26.2,Mbits/sec,8.62,MBytes,72.4,Mbits/sec
bbr/westwood,4,4.0- 5.0 sec,2.38,MBytes,19.9,Mbits/sec,8.62,MBytes,72.4,Mbits/sec
bbr/westwood,5,5.0- 6.0 sec,2.50,MBytes,21.0,Mbits/sec,8.88,MBytes,74.4,Mbits/sec
bbr/westwood,6,6.0- 7.0 sec,2.50,MBytes,21.0,Mbits/sec,9.25,MBytes,77.6,Mbits/sec
bbr/westwood,7,7.0- 8.0 sec,2.50,MBytes,21.0,Mbits/sec,8.50,MBytes,71.3,Mbits/sec
bbr/westwood,8,8.0- 9.0 sec,2.50,MBytes,21.0,Mbits/sec,9.25,MBytes,77.6,Mbits/sec
bbr/westwood,9,9.0-10.0 sec,2.50,MBytes,21.0,Mbits/sec,8.38,MBytes,70.3,Mbits/sec
bbr/westwood,10,10.0-11.0 sec,5.12,MBytes,43.0,Mbits/sec,6.62,MBytes,55.6,Mbits/sec
bbr/westwood,11,11.0-12.0 sec,8.12,MBytes,68.2,Mbits/sec,3.50,MBytes,29.4,Mbits/sec
bbr/westwood,12,12.0-13.0 sec,7.50,MBytes,62.9,Mbits/sec,3.62,MBytes,30.4,Mbits/sec
bbr/westwood,13,13.0-14.0 sec,8.12,MBytes,68.2,Mbits/sec,3.00,MBytes,25.2,Mbits/sec
bbr/westwood,14,14.0-15.0 sec,9.50,MBytes,79.7,Mbits/sec,2.25,MBytes,18.9,Mbits/sec
bbr/westwood,15,15.0-16.0 sec,8.12,MBytes,68.2,Mbits/sec,2.88,MBytes,24.1,Mbits/sec
bbr/westwood,16,16.0-17.0 sec,8.88,MBytes,74.4,Mbits/sec,2.88,MBytes,24.1,Mbits/sec
bbr/westwood,17,17.0-18.0 sec,8.12,MBytes,68.2,Mbits/sec,3.12,MBytes,26.2,Mbits/sec
bbr/westwood,18,18.0-19.0 sec,9.38,MBytes,78.6,Mbits/sec,1.88,MBytes,15.7,Mbits/sec
bbr/westwood,19,19.0-20.0 sec,9.50,MBytes,79.7,Mbits/sec,2.12,MBytes,17.8,Mbits/sec
bbr/illinois,0,0.0- 1.0 sec,8.50,MBytes,71.3,Mbits/sec,4.50,MBytes,37.7,Mbits/sec
bbr/illinois,1,1.0- 2.0 sec,6.00,MBytes,50.3,Mbits/sec,5.50,MBytes,46.1,Mbits/sec
bbr/illinois,2,2.0- 3.0 sec,6.00,MBytes,50.3,Mbits/sec,5.50,MBytes,46.1,Mbits/sec
bbr/illinois,3,3.0- 4.0 sec,5.00,MBytes,41.9,Mbits/sec,6.12,MBytes,51.4,Mbits/sec
bbr/illinois,4,4.0- 5.0 sec,4.38,MBytes,36.7,Mbits/sec,6.88,MBytes,57.7,Mbits/sec
bbr/illinois,5,5.0- 6.0 sec,3.50,MBytes,29.4,Mbits/sec,8.25,MBytes,69.2,Mbits/sec
bbr/illinois,6,6.0- 7.0 sec,3.00,MBytes,25.2,Mbits/sec,8.50,MBytes,71.3,Mbits/sec
bbr/illinois,7,7.0- 8.0 sec,3.00,MBytes,25.2,Mbits/sec,8.62,MBytes,72.4,Mbits/sec
bbr/illinois,8,8.0- 9.0 sec,2.50,MBytes,21.0,Mbits/sec,9.00,MBytes,75.5,Mbits/sec
bbr/illinois,9,9.0-10.0 sec,2.00,MBytes,16.8,Mbits/sec,9.00,MBytes,75.5,Mbits/sec
bbr/illinois,10,10.0-11.0 sec,5.00,MBytes,41.9,Mbits/sec,6.62,MBytes,55.6,Mbits/sec
bbr/illinois,11,11.0-12.0 sec,8.38,MBytes,70.3,Mbits/sec,2.88,MBytes,24.1,Mbits/sec
bbr/illinois,12,12.0-13.0 sec,8.00,MBytes,67.1,Mbits/sec,3.38,MBytes,28.3,Mbits/sec
bbr/illinois,13,13.0-14.0 sec,7.38,MBytes,61.9,Mbits/sec,3.75,MBytes,31.5,Mbits/sec
bbr/illinois,14,14.0-15.0 sec,8.50,MBytes,71.3,Mbits/sec,3.38,MBytes,28.3,Mbits/sec
bbr/illinois,15,15.0-16.0 sec,7.50,MBytes,62.9,Mbits/sec,3.75,MBytes,31.5,Mbits/sec
bbr/illinois,16,16.0-17.0 sec,5.88,MBytes,49.3,Mbits/sec,5.25,MBytes,44.0,Mbits/sec
bbr/illinois,17,17.0-18.0 sec,6.00,MBytes,50.3,Mbits/sec,5.38,MBytes,45.1,Mbits/sec
bbr/illinois,18,18.0-19.0 sec,7.00,MBytes,58.7,Mbits/sec,4.62,MBytes,38.8,Mbits/sec
bbr/illinois,19,19.0-20.0 sec,7.00,MBytes,58.7,Mbits/sec,4.00,MBytes,33.6,Mbits/sec
bbr/illinois,20,0.0-20.0 sec,114,MBytes,48.0,Mbits/sec,115,MBytes,48.1,Mbits/sec
westwood/westwood,0,0.0- 1.0 sec,7.50,MBytes,62.9,Mbits/sec,4.88,MBytes,40.9,Mbits/sec
westwood/westwood,1,1.0- 2.0 sec,5.50,MBytes,46.1,Mbits/sec,6.00,MBytes,50.3,Mbits/sec
westwood/westwood,2,2.0- 3.0 sec,5.88,MBytes,49.3,Mbits/sec,5.50,MBytes,46.1,Mbits/sec
westwood/westwood,3,3.0- 4.0 sec,4.50,MBytes,37.7,Mbits/sec,6.75,MBytes,56.6,Mbits/sec
westwood/westwood,4,4.0- 5.0 sec,5.75,MBytes,48.2,Mbits/sec,5.88,MBytes,49.3,Mbits/sec
westwood/westwood,5,5.0- 6.0 sec,5.75,MBytes,48.2,Mbits/sec,5.50,MBytes,46.1,Mbits/sec
westwood/westwood,6,6.0- 7.0 sec,5.62,MBytes,47.2,Mbits/sec,5.75,MBytes,48.2,Mbits/sec
westwood/westwood,7,7.0- 8.0 sec,5.62,MBytes,47.2,Mbits/sec,6.00,MBytes,50.3,Mbits/sec
westwood/westwood,8,8.0- 9.0 sec,4.62,MBytes,38.8,Mbits/sec,6.75,MBytes,56.6,Mbits/sec
westwood/westwood,9,9.0-10.0 sec,5.25,MBytes,44.0,Mbits/sec,6.00,MBytes,50.3,Mbits/sec
westwood/westwood,10,10.0-11.0 sec,6.00,MBytes,50.3,Mbits/sec,5.50,MBytes,46.1,Mbits/sec
westwood/westwood,11,11.0-12.0 sec,5.75,MBytes,48.2,Mbits/sec,5.75,MBytes,48.2,Mbits/sec
westwood/westwood,12,12.0-13.0 sec,5.62,MBytes,47.2,Mbits/sec,5.38,MBytes,45.1,Mbits/sec
westwood/westwood,13,13.0-14.0 sec,5.75,MBytes,48.2,Mbits/sec,5.75,MBytes,48.2,Mbits/sec
westwood/westwood,14,14.0-15.0 sec,5.50,MBytes,46.1,Mbits/sec,5.75,MBytes,48.2,Mbits/sec
westwood/westwood,15,15.0-16.0 sec,4.00,MBytes,33.6,Mbits/sec,7.50,MBytes,62.9,Mbits/sec
westwood/westwood,16,16.0-17.0 sec,6.00,MBytes,50.3,Mbits/sec,5.50,MBytes,46.1,Mbits/sec
westwood/westwood,17,17.0-18.0 sec,6.88,MBytes,57.7,Mbits/sec,4.50,MBytes,37.7,Mbits/sec
westwood/westwood,18,18.0-19.0 sec,5.88,MBytes,49.3,Mbits/sec,5.62,MBytes,47.2,Mbits/sec
westwood/westwood,19,19.0-20.0 sec,6.62,MBytes,55.6,Mbits/sec,4.75,MBytes,39.8,Mbits/sec
westwood/westwood,20,0.0-20.0 sec,114,MBytes,47.8,Mbits/sec,115,MBytes,48.2,Mbits/sec
westwood/illinois,0,0.0- 1.0 sec,5.38,MBytes,45.1,Mbits/sec,7.38,MBytes,61.9,Mbits/sec
westwood/illinois,1,1.0- 2.0 sec,6.38,MBytes,53.5,Mbits/sec,5.38,MBytes,45.1,Mbits/sec
westwood/illinois,2,2.0- 3.0 sec,5.00,MBytes,41.9,Mbits/sec,6.50,MBytes,54.5,Mbits/sec
westwood/illinois,3,3.0- 4.0 sec,4.75,MBytes,39.8,Mbits/sec,6.62,MBytes,55.6,Mbits/sec
westwood/illinois,4,4.0- 5.0 sec,4.88,MBytes,40.9,Mbits/sec,6.75,MBytes,56.6,Mbits/sec
westwood/illinois,5,5.0- 6.0 sec,5.88,MBytes,49.3,Mbits/sec,5.38,MBytes,45.1,Mbits/sec
westwood/illinois,6,6.0- 7.0 sec,5.75,MBytes,48.2,Mbits/sec,5.88,MBytes,49.3,Mbits/sec
westwood/illinois,7,7.0- 8.0 sec,5.88,MBytes,49.3,Mbits/sec,5.38,MBytes,45.1,Mbits/sec
westwood/illinois,8,8.0- 9.0 sec,4.88,MBytes,40.9,Mbits/sec,6.00,MBytes,50.3,Mbits/sec
westwood/illinois,9,9.0-10.0 sec,5.25,MBytes,44.0,Mbits/sec,6.38,MBytes,53.5,Mbits/sec
westwood/illinois,10,10.0-11.0 sec,5.50,MBytes,46.1,Mbits/sec,5.88,MBytes,49.3,Mbits/sec
westwood/illinois,11,11.0-12.0 sec,4.75,MBytes,39.8,Mbits/sec,6.75,MBytes,56.6,Mbits/sec
westwood/illinois,12,12.0-13.0 sec,5.75,MBytes,48.2,Mbits/sec,5.75,MBytes,48.2,Mbits/sec
westwood/illinois,13,13.0-14.0 sec,4.38,MBytes,36.7,Mbits/sec,6.75,MBytes,56.6,Mbits/sec
westwood/illinois,14,14.0-15.0 sec,4.12,MBytes,34.6,Mbits/sec,7.50,MBytes,62.9,Mbits/sec
westwood/illinois,15,15.0-16.0 sec,6.12,MBytes,51.4,Mbits/sec,5.38,MBytes,45.1,Mbits/sec
westwood/illinois,16,16.0-17.0 sec,5.25,MBytes,44.0,Mbits/sec,5.88,MBytes,49.3,Mbits/sec
westwood/illinois,17,17.0-18.0 sec,6.25,MBytes,52.4,Mbits/sec,5.00,MBytes,41.9,Mbits/sec
westwood/illinois,18,18.0-19.0 sec,5.75,MBytes,48.2,Mbits/sec,5.75,MBytes,48.2,Mbits/sec
westwood/illinois,19,19.0-20.0 sec,6.25,MBytes,52.4,Mbits/sec,5.50,MBytes,46.1,Mbits/sec
westwood/illinois,20,0.0-20.0 sec,108,MBytes,45.3,Mbits/sec,122,MBytes,51.1,Mbits/sec
illinois/illinois,0,0.0- 1.0 sec,7.50,MBytes,62.9,Mbits/sec,4.88,MBytes,40.9,Mbits/sec
illinois/illinois,1,1.0- 2.0 sec,4.50,MBytes,37.7,Mbits/sec,7.00,MBytes,58.7,Mbits/sec
illinois/illinois,2,2.0- 3.0 sec,4.75,MBytes,39.8,Mbits/sec,6.62,MBytes,55.6,Mbits/sec
illinois/illinois,3,3.0- 4.0 sec,5.88,MBytes,49.3,Mbits/sec,5.50,MBytes,46.1,Mbits/sec
illinois/illinois,4,4.0- 5.0 sec,5.00,MBytes,41.9,Mbits/sec,6.50,MBytes,54.5,Mbits/sec
illinois/illinois,5,5.0- 6.0 sec,7.00,MBytes,58.7,Mbits/sec,4.25,MBytes,35.7,Mbits/sec
illinois/illinois,6,6.0- 7.0 sec,6.38,MBytes,53.5,Mbits/sec,5.25,MBytes,44.0,Mbits/sec
illinois/illinois,7,7.0- 8.0 sec,4.38,MBytes,36.7,Mbits/sec,6.88,MBytes,57.7,Mbits/sec
illinois/illinois,8,8.0- 9.0 sec,3.75,MBytes,31.5,Mbits/sec,7.50,MBytes,62.9,Mbits/sec
illinois/illinois,9,9.0-10.0 sec,6.00,MBytes,50.3,Mbits/sec,5.50,MBytes,46.1,Mbits/sec
illinois/illinois,10,10.0-11.0 sec,6.00,MBytes,50.3,Mbits/sec,5.50,MBytes,46.1,Mbits/sec
illinois/illinois,11,11.0-12.0 sec,5.38,MBytes,45.1,Mbits/sec,6.00,MBytes,50.3,Mbits/sec
illinois/illinois,12,12.0-13.0 sec,6.25,MBytes,52.4,Mbits/sec,4.88,MBytes,40.9,Mbits/sec
illinois/illinois,13,13.0-14.0 sec,7.25,MBytes,60.8,Mbits/sec,4.50,MBytes,37.7,Mbits/sec
illinois/illinois,14,14.0-15.0 sec,5.50,MBytes,46.1,Mbits/sec,5.75,MBytes,48.2,Mbits/sec
illinois/illinois,15,15.0-16.0 sec,4.88,MBytes,40.9,Mbits/sec,6.50,MBytes,54.5,Mbits/sec
illinois/illinois,16,16.0-17.0 sec,6.25,MBytes,52.4,Mbits/sec,5.25,MBytes,44.0,Mbits/sec
illinois/illinois,17,17.0-18.0 sec,7.62,MBytes,64.0,Mbits/sec,3.75,MBytes,31.5,Mbits/sec
illinois/illinois,18,18.0-19.0 sec,6.62,MBytes,55.6,Mbits/sec,4.50,MBytes,37.7,Mbits/sec
illinois/illinois,19,19.0-20.0 sec,7.50,MBytes,62.9,Mbits/sec,4.00,MBytes,33.6,Mbits/sec
illinois/illinois,20,0.0-20.0 sec,118,MBytes,49.6,Mbits/sec,110,MBytes,46.3,Mbits/sec
